City_ID,City,Country,Date,Lat,Lng,Max Temp,Humidity,Cloudiness,Wind Speed
0,Porto Velho,BR,2022-03-12 00:58:35,-8.7619,-63.9039,80.65,83,0,3.44
1,Atuona,PF,2022-03-12 01:00:10,-9.8,-139.0333,78.8,77,99,17.31
2,Avera,US,2022-03-12 01:00:14,33.194,-82.5271,55.38,96,100,4.61
3,Lixourion,GR,2022-03-12 01:00:16,38.2019,20.4314,42.85,54,79,3.15
4,Tuktoyaktuk,CA,2022-03-12 01:00:18,69.4541,-133.0374,-4.0,77,100,12.66
5,Isangel,VU,2022-03-12 01:00:20,-19.55,169.2667,83.34,72,19,1.54
6,Vanderhoof,CA,2022-03-12 01:00:25,54.0166,-124.0198,42.66,77,100,8.81
7,Diego De Almagro,CL,2022-03-12 01:00:26,-26.3667,-70.05,65.77,46,2,2.13
8,New Norfolk,AU,2022-03-12 01:00:28,-42.7826,147.0587,69.93,43,94,4.0
9,Castro,BR,2022-03-12 00:59:51,-24.7911,-50.0119,64.87,97,100,4.29
10,Ponta Do Sol,PT,2022-03-12 01:00:30,32.6667,-17.1,62.71,71,54,2.89
11,Ryabovo,RU,2022-03-12 01:00:30,59.4,31.1333,30.2,97,100,3.83
12,Upernavik,GL,2022-03-12 01:00:32,72.7868,-56.1549,-17.86,100,100,7.72
13,Carballo,ES,2022-03-12 01:00:35,43.213,-8.691,46.87,86,97,5.44
14,Norman Wells,CA,2022-03-12 01:00:36,65.282,-126.8329,-8.52,93,100,7.63
15,Airai,TL,2022-03-12 01:00:37,-8.9266,125.4092,70.54,73,100,3.02
16,Port Lincoln,AU,2022-03-12 01:00:37,-34.7333,135.8667,71.1,58,0,13.47
17,Lod,IL,2022-03-12 01:00:38,31.9514,34.8953,49.62,75,75,2.3
18,Cherskiy,RU,2022-03-12 01:00:39,68.75,161.3,5.61,73,1,1.79
19,Butaritari,KI,2022-03-12 01:00:40,3.0707,172.7902,81.73,78,14,18.97
20,Puerto Ayora,EC,2022-03-12 01:00:41,-0.7393,-90.3518,78.55,94,60,2.21
21,Khatanga,RU,2022-03-12 01:00:42,71.9667,102.5,-25.69,99,100,5.75
22,Klaksvik,FO,2022-03-12 01:00:42,62.2266,-6.589,45.52,92,100,42.68
23,Ribeira Grande,PT,2022-03-12 01:00:43,38.5167,-28.7,59.29,74,100,12.62
24,Ushuaia,AR,2022-03-12 00:59:47,-54.8,-68.3,46.06,61,0,14.97
25,Petropavlovka,RU,2022-03-12 01:00:44,50.6114,105.3196,8.06,86,72,2.46
26,Bambous Virieux,MU,2022-03-12 01:00:45,-20.3428,57.7575,77.25,94,40,9.22
27,Severomuysk,RU,2022-03-12 01:00:45,56.1481,113.4267,-7.35,89,87,0.49
28,Mount Isa,AU,2022-03-12 01:00:46,-20.7333,139.5,92.97,21,9,10.36
29,Bengkulu,ID,2022-03-12 01:00:46,-3.8004,102.2655,78.26,81,98,3.98
30,Hilo,US,2022-03-12 01:00:37,19.7297,-155.09,78.24,76,16,3.0
31,Half Moon Bay,US,2022-03-12 01:00:47,37.4636,-122.4286,71.89,46,0,14.97
32,Mataura,NZ,2022-03-12 01:00:48,-46.1927,168.8643,60.48,65,50,10.63
33,Tasiilaq,GL,2022-03-12 01:00:48,65.6145,-37.6368,33.96,92,100,30.4
34,Cape Town,ZA,2022-03-12 00:59:30,-33.9258,18.4232,71.11,82,0,2.3
35,Ahuimanu,US,2022-03-12 01:00:49,21.4447,-157.8378,81.86,68,19,5.99
36,Camacha,PT,2022-03-12 01:00:50,33.0833,-16.3333,56.62,77,20,6.91
37,Esperance,AU,2022-03-12 01:00:50,-33.8667,121.9,76.64,47,100,13.96
38,Barrow,US,2022-03-12 01:00:51,71.2906,-156.7887,-0.38,78,40,9.22
39,Mandalgovi,MN,2022-03-12 00:58:55,45.7625,106.2708,20.59,62,6,15.32
40,Hermanus,ZA,2022-03-12 01:00:51,-34.4187,19.2345,67.8,78,0,5.86
41,Duluth,US,2022-03-12 00:57:41,46.7833,-92.1066,9.28,48,0,18.41
42,Colchester,GB,2022-03-12 01:00:45,51.8892,0.9042,48.29,85,100,16.98
43,Albany,US,2022-03-12 01:00:52,42.6001,-73.9662,45.66,62,100,5.97
44,Toyooka,JP,2022-03-12 01:01:53,35.5333,134.8333,62.28,62,11,2.91
45,Avarua,CK,2022-03-12 01:01:53,-21.2078,-159.775,84.25,79,40,6.91
46,Rikitea,PF,2022-03-12 01:01:54,-23.1203,-134.9692,78.67,67,2,1.52
47,Laguna,US,2022-03-12 01:01:55,38.421,-121.4238,71.89,22,0,4.61
48,Piedras Negras,MX,2022-03-12 00:58:13,28.7,-100.5167,53.28,32,0,22.26
49,Caravelas,BR,2022-03-12 01:01:55,-17.7125,-39.2481,76.77,86,20,4.68
50,Punta Arenas,CL,2022-03-12 01:01:56,-53.15,-70.9167,48.11,64,0,8.12
51,Yamada,JP,2022-03-12 01:01:56,39.4667,141.95,47.14,43,0,13.29
52,Carnarvon,AU,2022-03-12 01:01:57,-24.8667,113.6333,79.97,68,0,7.47
53,Richards Bay,ZA,2022-03-12 01:01:57,-28.783,32.0377,73.6,86,76,3.74
54,Sao Filipe,CV,2022-03-12 01:01:58,14.8961,-24.4956,73.99,61,0,9.4
55,Mazagao,BR,2022-03-12 01:01:58,-0.115,-51.2894,73.74,94,100,2.75
56,Victoria,HK,2022-03-12 00:57:05,22.2855,114.1577,72.32,75,5,5.01
57,Hami,CN,2022-03-12 01:01:59,42.8,93.45,49.23,37,100,4.47
58,Makushino,RU,2022-03-12 01:01:59,55.2103,67.2442,-10.08,94,38,8.5
59,Vaini,TO,2022-03-12 01:02:00,-21.2,-175.2,81.66,79,17,15.03
60,Port Elizabeth,ZA,2022-03-12 01:01:49,-33.918,25.5701,72.39,84,87,13.71
61,Calvinia,ZA,2022-03-12 01:02:01,-31.4707,19.776,71.2,59,92,7.96
62,Acapulco,MX,2022-03-12 01:02:01,16.8634,-99.8901,77.65,64,0,10.18
63,Provideniya,RU,2022-03-12 01:02:02,64.3833,-173.3,26.65,56,0,12.24
64,Sierpc,PL,2022-03-12 00:59:35,52.8568,19.6691,24.94,49,10,6.26
65,Hobart,AU,2022-03-12 01:00:06,-42.8794,147.3294,70.27,47,20,11.5
66,Busselton,AU,2022-03-12 01:02:03,-33.65,115.3333,75.67,73,0,13.71
67,Mar Del Plata,AR,2022-03-12 01:02:03,-38.0023,-57.5575,61.09,68,0,8.01
68,Bluff,NZ,2022-03-12 01:02:03,-46.6,168.3333,60.8,75,20,19.08
69,Faanui,PF,2022-03-12 01:02:04,-16.4833,-151.75,81.43,71,10,12.26
70,Chokurdakh,RU,2022-03-12 01:02:04,70.6333,147.9167,-8.7,94,100,8.79
71,Atasu,KZ,2022-03-12 01:02:05,48.6814,71.6433,27.14,98,100,2.77
72,Bredasdorp,ZA,2022-03-12 00:58:11,-34.5322,20.0403,67.32,88,0,3.44
73,Anchorage,US,2022-03-12 00:58:33,61.2181,-149.9003,40.64,85,100,5.01
74,Chake Chake,TZ,2022-03-12 01:02:06,-5.2459,39.7666,76.26,83,71,7.52
75,Sao Joao Da Barra,BR,2022-03-12 01:02:06,-21.6403,-41.0511,78.94,84,5,18.79
76,Miri,MY,2022-03-12 01:02:07,4.4148,114.0089,79.68,85,100,2.62
77,Port Alfred,ZA,2022-03-12 01:02:07,-33.5906,26.891,72.55,86,100,7.81
78,Yarada,IN,2022-03-12 00:58:43,17.65,83.2667,70.12,94,20,2.3
79,Qaanaaq,GL,2022-03-12 01:02:08,77.484,-69.3632,-12.46,77,19,4.85
80,Lompoc,US,2022-03-12 01:02:08,34.6391,-120.4579,69.94,30,0,12.66
81,Cidreira,BR,2022-03-12 01:02:09,-30.1811,-50.2056,69.67,71,100,12.66
82,Morro Bay,US,2022-03-12 00:59:08,35.3658,-120.8499,69.71,37,0,1.99
83,Batemans Bay,AU,2022-03-12 01:02:09,-35.7167,150.1833,71.1,64,25,5.37
84,Meulaboh,ID,2022-03-12 01:02:10,4.1363,96.1285,77.86,83,79,3.42
85,Emerald,AU,2022-03-12 01:01:27,-23.5333,148.1667,82.35,56,69,18.1
86,Saint-Augustin,CA,2022-03-12 01:03:10,51.226,-58.6502,-3.71,86,0,6.44
87,Geraldton,AU,2022-03-12 01:03:11,-28.7667,114.6,77.41,73,8,10.36
88,Guiglo,CI,2022-03-12 01:03:11,6.5456,-7.4966,76.48,84,100,3.02
89,Kaitong,CN,2022-03-12 01:03:12,44.8135,123.15,33.8,65,100,8.93
90,Yellowknife,CA,2022-03-12 01:01:22,62.456,-114.3525,1.42,86,100,10.0
91,Atambua,ID,2022-03-12 01:03:12,-9.1061,124.8925,80.82,75,99,2.17
92,Saint-Pierre,RE,2022-03-12 01:03:13,-21.3393,55.4781,74.91,75,0,5.75
93,Moranbah,AU,2022-03-12 01:03:13,-22.0016,148.0466,80.15,65,100,19.19
94,Nhulunbuy,AU,2022-03-12 01:03:14,-12.2333,136.7667,84.81,70,100,5.75
95,Constitucion,CL,2022-03-12 01:03:14,-35.3333,-72.4167,57.6,78,0,0.67
96,Bitung,ID,2022-03-12 01:03:15,1.4451,125.1824,86.85,70,100,3.8
97,Saint-Philippe,RE,2022-03-12 01:03:15,-21.3585,55.7679,74.21,82,41,9.64
98,Iskateley,RU,2022-03-12 01:03:15,67.6803,53.1512,20.89,94,97,12.77
99,Buala,SB,2022-03-12 01:03:16,-8.145,159.5921,83.59,75,62,4.52
100,San Cristobal,VE,2022-03-12 01:03:16,7.7669,-72.225,67.28,96,98,2.51
101,Sabang,ID,2022-03-12 01:03:17,5.8933,95.3214,82.33,72,94,7.47
102,Saint-Georges,GD,2022-03-12 00:59:25,12.0564,-61.7485,77.95,73,14,18.59
103,Mahebourg,MU,2022-03-12 01:03:17,-20.4081,57.7,77.29,94,40,9.22
104,Juneau,US,2022-03-12 00:58:24,58.3019,-134.4197,36.21,99,100,5.1
105,Amarante Do Maranhao,BR,2022-03-12 01:03:18,-5.5667,-46.7422,72.39,95,100,2.28
106,North Platte,US,2022-03-12 01:00:53,41.1239,-100.7654,24.26,54,49,5.99
107,Myrtle Grove,US,2022-03-12 01:03:19,30.421,-87.3075,70.3,96,100,5.75
108,Gweta,BW,2022-03-12 01:03:19,-20.1833,25.2333,72.45,46,79,15.3
109,Parabel,RU,2022-03-12 01:03:20,58.6978,81.4825,-22.2,100,76,3.71
110,Thompson,CA,2022-03-12 01:03:20,55.7435,-97.8558,-1.89,96,100,3.71
111,Polunochnoye,RU,2022-03-12 01:03:21,60.8697,60.4153,-5.55,98,100,3.74
112,Grand Gaube,MU,2022-03-12 01:03:21,-20.0064,57.6608,77.4,89,97,14.52
113,Umm Lajj,SA,2022-03-12 01:03:22,25.0213,37.2685,63.46,53,0,16.11
114,Florida,US,2022-03-12 01:03:22,28.7505,-82.5001,75.9,91,75,5.75
115,Turukhansk,RU,2022-03-12 01:03:23,65.8167,87.9833,-20.31,100,58,4.41
116,Luderitz,NA,2022-03-12 01:03:23,-26.6481,15.1594,67.77,83,48,8.32
117,Pevek,RU,2022-03-12 01:03:23,69.7008,170.3133,4.06,76,0,2.93
118,Letnyaya Stavka,RU,2022-03-12 01:03:24,45.4306,43.4472,23.76,90,100,6.22
119,Sept-Iles,CA,2022-03-12 01:03:24,50.2001,-66.3821,10.06,71,89,1.99
120,Hithadhoo,MV,2022-03-12 01:03:25,-0.6,73.0833,81.95,64,6,5.48
121,Oranjestad,AW,2022-03-12 01:03:25,12.524,-70.027,78.44,85,95,23.33
122,Menongue,AO,2022-03-12 01:03:25,-14.6585,17.691,64.15,98,100,1.99
123,Khandbari,NP,2022-03-12 01:03:26,27.3747,87.2039,61.47,35,0,4.83
124,Timra,SE,2022-03-12 01:03:26,62.487,17.3257,31.68,86,31,2.3
125,Makakilo City,US,2022-03-12 01:03:27,21.3469,-158.0858,80.69,60,14,16.73
126,Jamestown,US,2022-03-12 01:00:00,42.097,-79.2353,32.52,70,100,6.91
127,Kodiak,US,2022-03-12 01:03:28,57.79,-152.4072,36.99,97,100,11.05
128,Cayenne,GF,2022-03-12 01:00:06,4.9333,-52.3333,80.1,55,75,5.99
129,Badiraguato,MX,2022-03-12 01:03:29,25.3667,-107.5167,70.36,25,0,4.63
130,Krasnyy Chikoy,RU,2022-03-12 01:03:29,50.3643,108.7512,13.1,90,78,2.95
131,Urusha,RU,2022-03-12 01:04:29,54.05,122.9,9.48,77,100,2.42
132,Severo-Yeniseyskiy,RU,2022-03-12 01:04:30,60.3725,93.0408,-24.2,100,100,3.2
133,East London,ZA,2022-03-12 01:04:30,-33.0153,27.9116,73.09,87,45,15.88
134,Egvekinot,RU,2022-03-12 01:04:31,66.3167,-179.1667,21.07,64,0,7.83
135,Port Hardy,CA,2022-03-12 01:04:31,50.6996,-127.4199,42.98,87,100,16.11
136,Moron,AR,2022-03-12 01:04:32,-34.6534,-58.6198,67.98,61,0,4.45
137,Ixtapa,MX,2022-03-12 01:04:32,20.7,-105.2,72.63,68,0,11.5
138,Cabo San Lucas,MX,2022-03-12 01:04:30,22.8909,-109.9124,72.52,67,0,10.36
139,Lebu,CL,2022-03-12 01:04:33,-37.6167,-73.65,58.73,90,1,18.34
140,Hay River,CA,2022-03-12 01:03:08,60.8156,-115.7999,8.49,95,100,8.5
141,Nikolskoye,RU,2022-03-12 01:04:33,59.7035,30.7861,31.87,96,100,3.91
142,Longyearbyen,SJ,2022-03-12 01:01:23,78.2186,15.6401,6.64,85,0,6.91
143,Gander,CA,2022-03-12 01:04:34,48.9682,-54.5906,26.17,49,99,15.01
144,Atar,MR,2022-03-12 01:02:23,20.5169,-13.0499,69.49,11,0,7.87
145,Vardo,NO,2022-03-12 01:04:35,70.3705,31.1107,32.52,76,100,13.58
146,Kashi,CN,2022-03-12 01:04:35,39.4547,75.9797,49.17,26,18,4.0
147,Leningradskiy,RU,2022-03-12 01:04:36,69.3833,178.4167,9.57,77,0,2.04
148,Havoysund,NO,2022-03-12 01:04:36,70.9963,24.6622,35.91,98,100,6.38
149,Waipawa,NZ,2022-03-12 01:04:36,-41.4122,175.5153,66.88,73,100,4.23
150,Puerto Escondido,MX,2022-03-12 01:04:37,15.85,-97.0667,81.43,69,40,5.75
151,Gotsu,JP,2022-03-12 01:04:37,35.0,132.2167,60.12,77,5,11.81
152,Aklavik,CA,2022-03-12 01:04:38,68.2191,-135.0107,-1.16,88,100,14.72
153,Jodhpur,IN,2022-03-12 01:04:38,26.2867,73.03,69.69,29,0,3.74
154,Kupang,ID,2022-03-12 01:04:39,-10.1667,123.5833,83.25,72,89,5.01
155,Khani,GE,2022-03-12 01:04:39,41.9563,42.9566,26.17,97,100,3.4
156,Georgetown,MY,2022-03-12 01:04:39,5.4112,100.3354,82.33,78,20,0.0
157,Nouadhibou,MR,2022-03-12 01:04:40,20.931,-17.0347,65.57,68,0,20.02
158,Kaitangata,NZ,2022-03-12 01:04:40,-46.2817,169.8464,63.03,59,74,13.4
159,Santos Dumont,BR,2022-03-12 01:04:41,-21.4567,-43.5525,68.11,95,11,3.51
160,Naze,JP,2022-03-12 01:04:41,28.3667,129.4833,62.29,58,0,10.22
161,Arrifes,PT,2022-03-12 01:04:42,37.7667,-25.7,59.23,94,75,16.11
162,Yumen,CN,2022-03-12 01:04:42,40.2833,97.2,46.26,25,100,5.82
163,Kruisfontein,ZA,2022-03-12 01:04:42,-34.0033,24.7314,69.37,88,100,6.64
164,Saldanha,ZA,2022-03-12 01:04:43,-33.0117,17.9442,68.0,81,0,6.2
165,Srednekolymsk,RU,2022-03-12 01:04:43,67.45,153.6833,4.73,90,98,7.49
166,Roma,US,2022-03-12 01:02:38,43.2128,-75.4557,45.88,74,100,8.05
167,Dikson,RU,2022-03-12 01:04:44,73.5069,80.5464,-3.86,87,100,23.58
168,Haines Junction,CA,2022-03-12 01:04:44,60.7522,-137.5108,28.2,93,100,1.57
169,San Jose,US,2022-03-12 01:04:05,37.3394,-121.895,72.54,19,0,11.5
170,Nefteyugansk,RU,2022-03-12 01:04:45,61.0998,72.6035,-12.21,100,97,8.16
171,Yar-Sale,RU,2022-03-12 01:04:45,66.8333,70.8333,-6.43,100,92,11.23
172,Tuatapere,NZ,2022-03-12 01:04:46,-46.1333,167.6833,61.77,65,58,11.18
173,Torbay,CA,2022-03-12 01:04:46,47.6666,-52.7314,31.57,68,66,8.01
174,Henties Bay,NA,2022-03-12 01:04:47,-22.116,14.2845,66.54,88,74,4.92
175,Arraial Do Cabo,BR,2022-03-12 01:04:47,-22.9661,-42.0278,77.9,83,0,25.21
176,Itainopolis,BR,2022-03-12 01:04:48,-7.4469,-41.4783,80.29,56,100,1.83
177,Kropotkin,RU,2022-03-12 01:04:48,45.4375,40.5756,26.62,74,100,11.5
178,San Patricio,US,2022-03-12 01:05:49,28.017,-97.5169,49.89,67,98,23.13
179,Ha Giang,VN,2022-03-12 01:05:49,22.8333,104.9833,69.3,93,100,2.37
180,Moose Factory,CA,2022-03-12 01:05:49,51.2585,-80.6094,15.73,92,100,4.65
181,Rincon,US,2022-03-12 01:05:50,32.296,-81.2354,63.86,96,100,10.36
182,Nileshwar,IN,2022-03-12 01:05:50,12.25,75.1,75.4,83,2,5.82
183,Zhuhai,CN,2022-03-12 01:05:51,22.2769,113.5678,73.18,88,5,3.44
184,Qasigiannguit,GL,2022-03-12 01:05:51,68.8193,-51.1922,5.25,97,100,5.19
185,Nieves,PH,2022-03-12 01:05:52,15.3274,120.9485,86.2,59,100,3.6
186,Dharchula,IN,2022-03-12 01:05:52,29.85,80.5333,52.47,25,0,10.94
187,Iqaluit,CA,2022-03-12 01:05:53,63.7506,-68.5145,-29.78,93,96,3.18
188,Dingle,PH,2022-03-12 01:05:53,10.9995,122.6711,83.41,75,100,5.77
189,Cabedelo,BR,2022-03-12 01:05:53,-6.9811,-34.8339,79.47,74,26,7.18
190,Tisul,RU,2022-03-12 01:05:54,55.7611,88.3122,-16.76,100,100,3.42
191,Oranjemund,NA,2022-03-12 01:05:54,-28.55,16.4333,68.59,83,13,3.09
192,Ampanihy,MG,2022-03-12 01:05:55,-24.7,44.75,72.52,88,14,8.97
193,Hanyang,CN,2022-03-12 01:05:56,32.1371,105.5126,66.18,70,6,3.89
194,Chekhov,RU,2022-03-12 01:05:56,55.1431,37.4711,19.29,95,100,3.51
195,Merauke,ID,2022-03-12 01:05:57,-8.4667,140.3333,77.99,87,100,1.95
196,Stanislav,UA,2022-03-12 01:05:57,46.5691,32.1478,23.68,77,100,17.81
197,Ormara,PK,2022-03-12 01:01:25,25.2088,64.6357,75.63,67,6,8.57
198,Kapaa,US,2022-03-12 01:05:58,22.0752,-159.319,80.92,70,20,11.5
199,Volterra,IT,2022-03-12 01:05:58,43.4003,10.86,44.42,70,100,4.29
200,Lekoni,GA,2022-03-12 01:05:59,-1.5843,14.2591,73.63,87,100,3.02
201,Cintalapa,MX,2022-03-12 01:01:24,16.6951,-93.7272,73.81,62,8,7.2
202,Burnie,AU,2022-03-12 01:05:59,-41.0667,145.9167,63.61,59,11,4.52
203,Yatou,CN,2022-03-12 01:05:12,37.15,122.3833,49.89,74,100,9.19
204,Narsaq,GL,2022-03-12 01:03:13,60.9167,-46.05,7.02,88,95,4.0
205,Ancud,CL,2022-03-12 01:02:13,-41.8697,-73.8203,54.55,91,0,4.32
206,Hobyo,SO,2022-03-12 01:06:00,5.3505,48.5268,76.87,71,100,11.34
207,Saskylakh,RU,2022-03-12 01:06:01,71.9167,114.0833,-16.33,94,100,3.33
208,Sao Desiderio,BR,2022-03-12 01:06:01,-12.3633,-44.9733,74.77,71,51,3.18
209,Miranda,CO,2022-03-12 01:06:02,3.2499,-76.2281,67.86,82,100,3.76
210,Coihaique,CL,2022-03-12 01:03:02,-45.5752,-72.0662,57.81,97,4,5.77
211,Tadine,NC,2022-03-12 01:06:02,-21.55,167.8833,81.57,74,62,8.61
212,Damietta,EG,2022-03-12 01:06:03,31.4165,31.8133,51.28,60,100,15.19
213,Ust-Omchug,RU,2022-03-12 01:06:04,61.15,149.6333,13.46,84,100,6.17
214,Vagur,FO,2022-03-12 01:06:04,61.4732,-6.8119,43.47,91,100,40.62
215,Xining,CN,2022-03-12 01:06:04,36.6167,101.7667,40.5,37,7,1.74
216,Tiksi,RU,2022-03-12 01:06:05,71.6872,128.8694,-10.97,89,100,8.43
217,Thyboron,DK,2022-03-12 01:06:05,56.6985,8.2124,35.19,59,0,24.38
218,Kununurra,AU,2022-03-12 01:06:06,-15.7667,128.7333,80.58,83,76,8.05
219,Vostok,RU,2022-03-12 01:06:06,46.4856,135.8833,23.13,78,100,4.27
220,Zhaodong,CN,2022-03-12 01:06:07,46.0833,125.9833,27.68,80,100,7.45
221,Amapa,BR,2022-03-12 01:07:07,1.0,-52.0,71.15,92,100,1.61
222,Auki,SB,2022-03-12 01:07:07,-8.7676,160.7034,83.17,76,60,5.12
223,Touros,BR,2022-03-12 01:05:46,-5.1989,-35.4608,79.9,76,100,8.05
224,Blagoyevo,RU,2022-03-12 01:07:08,63.3667,47.9167,21.49,96,100,4.7
225,Grand-Santi,GF,2022-03-12 01:07:08,4.25,-54.3833,73.06,98,100,3.22
226,Hamilton,US,2022-03-12 01:03:59,39.1834,-84.5333,30.36,92,100,11.5
227,Pak Phanang,TH,2022-03-12 01:07:09,8.3511,100.202,78.91,82,29,4.43
228,Paita,PE,2022-03-12 01:07:09,-5.0892,-81.1144,76.3,77,65,9.22
229,Redmond,US,2022-03-12 01:04:29,47.674,-122.1215,53.65,67,100,1.99
230,Nelspruit,ZA,2022-03-12 01:07:10,-25.4745,30.9703,66.4,89,82,2.42
231,Bodaybo,RU,2022-03-12 01:07:11,57.8506,114.1933,-4.07,99,100,0.43
232,Te Anau,NZ,2022-03-12 01:07:11,-45.4167,167.7167,64.74,49,20,2.91
233,Vila Franca Do Campo,PT,2022-03-12 01:07:12,37.7167,-25.4333,61.2,96,100,14.56
234,Kangaatsiaq,GL,2022-03-12 01:07:12,68.3065,-53.4641,-10.44,99,100,4.29
235,Ust-Kuyga,RU,2022-03-12 01:07:13,70.0167,135.6,-1.57,95,96,3.83
236,Kassala,SD,2022-03-12 01:07:13,15.451,36.4,69.82,73,15,11.97
237,Goderich,CA,2022-03-12 01:07:13,43.7501,-81.7165,26.91,68,100,12.71
238,Glyadyanskoye,RU,2022-03-12 01:07:14,54.9075,65.0883,-4.85,93,100,8.3
239,Benavente,ES,2022-03-12 01:07:14,42.0025,-5.6783,34.52,87,1,5.06
240,Codrington,AU,2022-03-12 01:07:15,-38.2667,141.9667,66.07,44,0,7.9
241,Olinda,BR,2022-03-12 01:07:15,-8.0089,-34.8553,82.13,69,20,5.75
242,Aksu,CN,2022-03-12 01:07:15,41.1231,80.2644,45.95,33,78,2.06
243,Tazovskiy,RU,2022-03-12 01:07:16,67.4667,78.7,-17.61,100,99,8.81
244,Axim,GH,2022-03-12 01:07:16,4.8699,-2.2405,80.02,86,17,6.15
245,Namibe,AO,2022-03-12 01:07:17,-15.1961,12.1522,72.45,81,100,8.61
246,Marzuq,YE,2022-03-12 01:07:17,14.4,46.4667,62.28,21,61,5.84
247,Jawhar,SO,2022-03-12 01:07:17,2.7809,45.5005,73.78,81,100,9.15
248,Vomp,AT,2022-03-12 01:07:18,47.3333,11.6833,37.71,59,100,7.31
249,Luebo,CD,2022-03-12 01:07:18,-5.35,21.4167,72.28,98,100,2.06
250,Clyde River,CA,2022-03-12 01:03:14,70.4692,-68.5914,-26.14,90,47,3.33
251,Ust-Nera,RU,2022-03-12 01:07:19,64.5667,143.2,2.35,97,84,2.53
252,Kaseda,JP,2022-03-12 01:07:19,31.4167,130.3167,64.24,65,0,2.39
253,Simbahan,PH,2022-03-12 01:07:20,6.3032,120.5836,81.45,79,96,4.27
254,Tual,ID,2022-03-12 01:07:20,-5.6667,132.75,83.14,75,93,9.17
255,Pisco,PE,2022-03-12 01:07:21,-13.7,-76.2167,71.65,78,0,12.66
256,Sidi Ali,DZ,2022-03-12 01:07:21,36.0998,0.4206,54.57,80,100,8.95
257,Souillac,MU,2022-03-12 01:07:21,-20.5167,57.5167,77.38,94,40,9.22
258,Pita,GN,2022-03-12 01:07:22,10.8333,-12.5833,76.44,41,16,1.86
259,Hovd,MN,2022-03-12 01:07:22,48.0056,91.6419,16.61,78,97,1.95
260,Komsomolskiy,UZ,2022-03-12 01:07:23,40.4272,71.7189,50.72,87,100,2.3
261,Fortuna,US,2022-03-12 01:07:23,40.5982,-124.1573,60.85,76,0,12.66
262,Kahului,US,2022-03-12 01:04:36,20.8947,-156.47,86.02,58,0,21.85
263,Carutapera,BR,2022-03-12 01:07:24,-1.195,-46.02,74.05,95,100,4.38
264,Bethel,US,2022-03-12 01:07:24,41.3712,-73.414,43.16,74,66,4.23
265,Passo Fundo,BR,2022-03-12 01:07:25,-28.2628,-52.4067,59.67,98,100,11.34
266,Kavieng,PG,2022-03-12 01:07:25,-2.5744,150.7967,85.1,64,98,6.78
267,Bassano,CA,2022-03-12 01:07:26,50.7834,-112.4685,21.63,91,100,4.47
268,Sitka,US,2022-03-12 01:07:26,57.0531,-135.33,42.69,81,100,8.05
269,Bandarbeyla,SO,2022-03-12 01:08:26,9.4942,50.8122,75.6,73,62,10.25
270,Sorong,ID,2022-03-12 01:08:27,-0.8833,131.25,83.17,76,100,6.6
271,Kesan,TR,2022-03-12 01:08:27,40.8558,26.6303,26.78,59,100,6.17
272,Savannakhet,LA,2022-03-12 01:08:28,16.566,104.751,75.83,65,15,6.49
273,Palmer,US,2022-03-12 01:04:57,42.1584,-72.3287,42.4,67,100,4.38
274,Yulara,AU,2022-03-12 01:08:28,-25.2406,130.9889,84.04,16,0,14.97
275,Sistranda,NO,2022-03-12 01:08:29,63.7256,8.834,40.96,64,0,11.03
276,Toora-Khem,RU,2022-03-12 01:08:29,52.4675,96.11,-2.85,100,100,0.81
277,Balykshi,KZ,2022-03-12 01:08:30,47.0667,51.8667,30.2,93,100,11.18
278,Westport,US,2022-03-12 01:05:28,41.1415,-73.3579,44.64,80,75,4.61
279,Agadez,NE,2022-03-12 01:05:09,19.75,10.25,62.51,18,0,10.63
280,Tumut,AU,2022-03-12 01:06:48,-35.3,148.2167,76.15,42,100,5.64
281,Upington,ZA,2022-03-12 01:08:31,-28.4478,21.2561,72.72,72,100,8.72
282,College,US,2022-03-12 01:08:31,64.8569,-147.8028,25.07,32,20,9.22
283,Karpathos,GR,2022-03-12 01:08:32,35.507,27.2132,42.76,61,64,6.91
284,Ekhabi,RU,2022-03-12 01:08:32,53.5102,142.9671,19.04,87,98,7.83
285,Youghal,IE,2022-03-12 01:08:33,51.95,-7.8506,42.55,100,98,9.31
286,Rawson,AR,2022-03-12 01:08:33,-43.3002,-65.1023,66.04,49,1,18.57
287,Winchester,GB,2022-03-12 01:08:34,51.0651,-1.3187,48.65,92,100,5.01
288,Muros,ES,2022-03-12 01:08:34,42.7762,-9.0603,42.1,94,96,10.04
289,Rosario De Mora,SV,2022-03-12 01:08:35,13.5753,-89.2089,74.75,98,1,5.08
290,Sribne,UA,2022-03-12 01:08:35,50.6638,32.9187,15.69,94,19,3.11
291,Tlacote El Bajo,MX,2022-03-12 01:08:36,20.65,-100.5,72.57,11,0,8.08
292,Omsukchan,RU,2022-03-12 01:08:36,62.5333,155.8,11.16,93,76,5.23
293,Balotra,IN,2022-03-12 01:07:13,25.8333,72.2333,72.95,22,0,4.63
294,Vao,NC,2022-03-12 01:08:37,-22.6667,167.4833,79.54,71,63,9.66
295,Tura,IN,2022-03-12 01:08:37,25.5198,90.2201,69.33,29,1,2.08
296,Lamu,KE,2022-03-12 01:08:38,-2.2717,40.902,79.02,82,6,9.51
297,Tiznit,MA,2022-03-12 01:08:38,29.5833,-9.5,53.22,69,13,0.94
298,Lavrentiya,RU,2022-03-12 01:08:39,65.5833,-171.0,16.74,77,0,9.13
299,Taltal,CL,2022-03-12 01:08:39,-25.4,-70.4833,66.36,78,22,3.96
300,Manoel Urbano,BR,2022-03-12 01:08:40,-8.8389,-69.2597,72.77,99,30,0.94
301,Muscat,OM,2022-03-12 01:08:40,23.6139,58.5922,75.22,66,80,3.87
302,Gumla,IN,2022-03-12 01:08:41,23.05,84.55,64.13,39,0,4.7
303,Neokhorion,GR,2022-03-12 01:08:41,41.1833,23.25,28.92,72,60,0.6
304,Antalaha,MG,2022-03-12 01:05:59,-14.9003,50.2788,74.01,92,100,6.24
305,Lawrenceburg,US,2022-03-12 01:08:42,38.0373,-84.8966,35.73,91,100,12.66
306,Port Blair,IN,2022-03-12 01:08:42,11.6667,92.75,80.24,70,100,5.68
307,Bridlington,GB,2022-03-12 01:08:43,54.0831,-0.1919,48.13,92,15,8.01
308,Laibin,CN,2022-03-12 01:08:43,23.7,109.2667,71.38,72,87,4.41
309,Aykhal,RU,2022-03-12 01:08:44,66.0,111.5,-8.23,97,100,2.73
310,Ketchikan,US,2022-03-12 01:08:44,55.3422,-131.6461,44.58,81,75,6.91
311,Lovozero,RU,2022-03-12 01:08:44,68.005,35.0117,22.51,96,59,9.46
312,Emba,KZ,2022-03-12 01:08:45,48.8264,58.1442,9.54,91,89,9.42
313,Alice Springs,AU,2022-03-12 01:07:08,-23.7,133.8833,81.95,18,0,11.5
314,Sobreira,PT,2022-03-12 01:09:45,41.5237,-7.8023,43.59,95,30,2.68
315,Vavuniya,LK,2022-03-12 01:09:46,8.7514,80.4971,72.09,96,25,2.24
316,Tamandare,BR,2022-03-12 01:09:46,-8.7597,-35.1047,78.49,71,100,4.23
317,Kamina,CD,2022-03-12 01:09:47,-8.7386,24.9906,65.16,95,100,4.03
318,Marystown,CA,2022-03-12 01:06:36,47.1666,-55.1483,30.85,100,98,8.08
319,Kirakira,SB,2022-03-12 01:09:47,-10.4544,161.9205,84.11,75,84,2.53
320,Buin,CL,2022-03-12 01:09:48,-33.7333,-70.75,72.73,44,0,2.59
321,Mufumbwe,ZM,2022-03-12 01:09:48,-13.6833,24.8,62.13,98,32,4.7
322,Beringovskiy,RU,2022-03-12 01:09:49,63.05,179.3167,10.99,78,1,9.75
323,Grindavik,IS,2022-03-12 01:09:49,63.8424,-22.4338,36.07,80,40,17.27
324,Pecos,US,2022-03-12 01:09:50,31.4229,-103.4932,40.03,45,0,8.05
325,Marsa Matruh,EG,2022-03-12 01:09:50,31.3525,27.2453,51.1,64,83,10.4
326,Dongkan,CN,2022-03-12 01:09:50,33.9997,119.8308,56.07,72,20,8.28
327,Gat,IL,2022-03-12 01:09:51,31.61,34.7642,48.88,100,100,11.63
328,Okhotsk,RU,2022-03-12 01:09:51,59.3833,143.3,12.83,76,100,16.96
329,Lasem,ID,2022-03-12 01:09:52,-6.6922,111.4527,81.52,81,100,4.94
330,Belyy Yar,RU,2022-03-12 01:09:52,53.6039,91.3903,4.89,60,0,8.95
331,Leh,IN,2022-03-12 01:09:52,34.1667,77.5833,2.5,63,1,3.27
332,Mayumba,GA,2022-03-12 01:09:53,-3.432,10.6554,77.61,86,100,4.45
333,Vanimo,PG,2022-03-12 01:09:53,-2.6741,141.3028,85.68,67,65,3.87
334,Bathsheba,BB,2022-03-12 01:09:54,13.2167,-59.5167,77.61,73,20,20.71
335,Uglegorsk,RU,2022-03-12 01:09:54,49.0833,142.0333,27.82,94,100,14.61
336,Eslamshahr,IR,2022-03-12 01:09:55,35.5605,51.2346,54.84,30,0,11.5
337,Kayerkan,RU,2022-03-12 01:09:55,69.3497,87.7602,-25.31,98,98,6.85
338,Kyshtovka,RU,2022-03-12 01:09:55,56.555,76.6271,-19.52,100,100,5.26
339,Coquimbo,CL,2022-03-12 01:09:56,-29.9533,-71.3436,60.53,88,100,4.61
340,Adrar,MR,2022-03-12 01:09:56,20.5022,-10.0711,65.07,11,0,10.45
341,Nanortalik,GL,2022-03-12 01:09:57,60.1432,-45.2371,13.62,77,92,30.09
342,Barra,BR,2022-03-12 01:09:57,-11.0894,-43.1417,79.48,61,88,8.7
343,Gizo,SB,2022-03-12 01:09:58,-8.103,156.8419,84.76,63,92,3.04
344,Alofi,NU,2022-03-12 01:09:58,-19.0595,-169.9187,80.62,76,98,11.12
345,Pangody,RU,2022-03-12 01:09:59,65.85,74.4859,-8.99,98,90,9.75
346,Povoa De Varzim,PT,2022-03-12 01:09:59,41.3834,-8.7636,48.67,81,40,8.05
347,Middletown,US,2022-03-12 01:06:20,39.5151,-84.3983,30.34,92,100,8.05
348,Hambantota,LK,2022-03-12 01:10:00,6.1241,81.1185,75.54,100,20,1.14
349,Bulolo,PG,2022-03-12 01:10:00,-7.2,146.65,80.19,77,98,2.91
350,Pasighat,IN,2022-03-12 01:10:01,28.0667,95.3333,71.13,38,25,2.73
351,Zambezi,ZM,2022-03-12 01:10:02,-13.5432,23.1047,64.08,96,97,4.76
352,Kapuskasing,CA,2022-03-12 01:06:13,49.4169,-82.4331,18.63,92,100,7.56
353,Ballaghaderreen,IE,2022-03-12 01:10:03,53.9,-8.5833,40.82,95,100,4.81
354,Surab,PK,2022-03-12 01:10:04,28.4914,66.2585,57.02,46,81,1.68
355,Niagara Falls,CA,2022-03-12 01:10:05,43.1001,-79.0663,33.87,93,100,8.05
356,Vertientes,CU,2022-03-12 01:10:06,21.2594,-78.1464,75.81,75,61,4.72
357,Severo-Kurilsk,RU,2022-03-12 01:08:58,50.6789,156.125,31.91,97,100,2.39
358,Nyurba,RU,2022-03-12 01:10:07,63.2842,118.3319,-4.16,97,100,1.34
359,Sur,OM,2022-03-12 01:10:07,22.5667,59.5289,77.67,49,63,5.01
360,Portland,US,2022-03-12 01:09:16,45.5234,-122.6762,59.77,43,85,1.99
361,Belaya Gora,RU,2022-03-12 01:10:08,68.5333,146.4167,-5.04,93,19,1.57
362,Rio Grande,BR,2022-03-12 01:10:08,-32.035,-52.0986,56.95,66,1,8.97
363,Maragogi,BR,2022-03-12 01:11:09,-9.0122,-35.2225,78.55,73,100,5.14
364,Xuddur,SO,2022-03-12 01:11:09,4.1213,43.8894,69.58,76,100,16.28
365,Matane,CA,2022-03-12 01:11:09,48.8286,-67.522,14.63,89,100,5.19
366,Makaha,US,2022-03-12 01:11:10,21.4694,-158.2175,87.71,47,0,9.22
367,Kaeo,NZ,2022-03-12 01:11:10,-35.1,173.7833,78.33,64,83,5.75
368,Vega De Alatorre,MX,2022-03-12 01:11:11,20.0333,-96.6333,74.19,87,25,1.57
369,Necochea,AR,2022-03-12 01:11:11,-38.5473,-58.7368,56.16,69,0,8.12
370,Dinar,TR,2022-03-12 01:11:11,38.065,30.1656,19.36,83,6,5.93
371,Pringsewu,ID,2022-03-12 01:11:12,-5.3582,104.9744,78.62,85,79,0.98
372,Neiafu,TO,2022-03-12 01:11:12,-18.65,-173.9833,79.48,89,75,11.5
373,Gamba,GA,2022-03-12 01:11:13,-2.65,10.0,76.84,84,100,2.84
374,Lasa,IT,2022-03-12 01:11:13,46.6166,10.7002,35.69,97,100,2.98
375,La Ronge,CA,2022-03-12 01:11:14,55.1001,-105.2842,6.69,90,100,3.98
376,Steinbach,DE,2022-03-12 01:11:14,50.1667,8.5667,44.19,38,0,10.36
377,Wolgast,DE,2022-03-12 01:11:15,54.05,13.7667,32.86,52,0,14.5
378,Lagoa,PT,2022-03-12 01:11:15,39.05,-27.9833,58.12,71,100,12.15
379,La Tuque,CA,2022-03-12 01:11:16,47.4334,-72.7824,25.39,97,100,3.8
380,Porto Novo,BJ,2022-03-12 01:11:16,6.4965,2.6036,79.0,82,100,6.85
381,Cap Malheureux,MU,2022-03-12 01:11:16,-19.9842,57.6142,76.46,89,97,13.98
382,Krasnoselkup,RU,2022-03-12 01:11:17,65.7,82.4667,-21.71,100,100,7.92
383,Hopelchen,MX,2022-03-12 01:11:18,19.7667,-89.85,88.03,34,0,6.24
384,Manga,BF,2022-03-12 01:11:18,11.6636,-1.0731,85.12,14,91,5.95
385,Wamba,NG,2022-03-12 01:11:19,8.9333,8.6,80.2,35,9,4.14
386,Alasehir,TR,2022-03-12 01:11:19,38.3508,28.5172,21.15,92,66,3.06
387,Quatre Cocos,MU,2022-03-12 01:11:19,-20.2078,57.7625,77.11,85,71,11.41
388,Rundu,NA,2022-03-12 01:11:20,-17.9333,19.7667,65.37,92,100,3.74
389,Talakan,RU,2022-03-12 01:11:21,50.3167,130.3667,17.96,88,97,4.0
390,Liseleje,DK,2022-03-12 01:11:21,56.0053,11.9483,37.33,65,0,8.99
391,Nkayi,CG,2022-03-12 01:11:21,-4.1841,13.2884,72.5,98,100,1.9
392,Tateyama,JP,2022-03-12 01:11:22,34.9833,139.8667,59.31,45,0,8.97
393,Taoudenni,ML,2022-03-12 01:11:22,22.6783,-3.9836,68.56,15,0,11.16
394,Bakaly,RU,2022-03-12 01:11:23,55.1789,53.8028,-10.1,100,100,2.55
395,Punta Alta,AR,2022-03-12 01:11:23,-38.8759,-62.0736,60.87,65,0,11.65
396,Okha,RU,2022-03-12 01:11:24,53.5739,142.9478,18.75,87,96,7.4
397,Qax,AZ,2022-03-12 01:11:24,41.4225,46.9242,33.01,99,100,0.25
398,Mattru,SL,2022-03-12 01:11:25,7.6244,-11.8332,76.69,85,100,0.89
399,Karratha,AU,2022-03-12 01:11:25,-20.7377,116.8463,90.86,46,4,6.11
400,Huari,PE,2022-03-12 01:11:25,-9.3333,-77.2333,42.51,96,100,3.67
401,Flinders,AU,2022-03-12 01:11:26,-34.5833,150.8552,75.18,72,100,5.99
402,Baculin,PH,2022-03-12 01:11:26,7.4525,126.5842,84.11,70,62,2.91
403,Severnyy,RU,2022-03-12 01:11:27,50.677,36.5532,8.64,72,0,4.47
404,Santa Vitoria Do Palmar,BR,2022-03-12 01:11:27,-33.5189,-53.3681,60.01,74,0,7.2
405,Arman,RU,2022-03-12 01:11:27,59.7,150.1667,28.02,72,86,3.58
406,Tessalit,ML,2022-03-12 01:11:28,20.1986,1.0114,70.5,16,0,9.01
407,Derbent,RU,2022-03-12 01:12:28,42.0678,48.2899,36.03,88,100,16.11
408,Iracoubo,GF,2022-03-12 01:12:29,5.4802,-53.2011,76.21,88,100,8.63
409,Muromtsevo,RU,2022-03-12 01:12:29,56.3724,75.2418,-14.33,100,100,5.64
410,Ilulissat,GL,2022-03-12 01:12:30,69.2167,-51.1,5.02,72,75,10.36
411,Saint George,US,2022-03-12 01:11:50,37.1041,-113.5841,59.59,14,0,0.0
412,Kula,TR,2022-03-12 01:12:30,38.5473,28.6498,21.76,76,42,2.68
413,Volpiano,IT,2022-03-12 01:12:31,45.2015,7.7782,47.34,67,75,4.61
414,Presidente Venceslau,BR,2022-03-12 01:12:31,-21.8761,-51.8439,70.34,93,97,11.7
415,Zhigansk,RU,2022-03-12 01:12:32,66.7697,123.3711,-1.12,95,100,8.86
416,Olafsvik,IS,2022-03-12 01:12:33,64.8945,-23.7142,38.95,68,100,19.91
417,Buraydah,SA,2022-03-12 01:12:33,26.326,43.975,63.68,28,99,10.38
418,Talnakh,RU,2022-03-12 01:12:34,69.4865,88.3972,-25.55,98,89,8.63
419,Sechura,PE,2022-03-12 01:12:34,-5.5569,-80.8222,75.38,76,12,7.31
420,Kilrush,IE,2022-03-12 01:12:34,52.6397,-9.4833,40.75,87,100,15.39
421,Morgan City,US,2022-03-12 01:11:18,29.6994,-91.2068,66.99,100,100,6.91
422,Sturovo,SK,2022-03-12 01:12:35,47.7949,18.7175,28.29,41,0,2.35
423,Nkhotakota,MW,2022-03-12 01:12:35,-12.9274,34.2961,72.34,90,100,8.84
424,Doha,QA,2022-03-12 01:12:36,25.2867,51.5333,75.18,71,100,6.91
425,Makokou,GA,2022-03-12 01:12:36,0.5738,12.8642,69.82,98,100,1.21
426,Przasnysz,PL,2022-03-12 01:12:37,53.0191,20.8803,26.55,49,16,4.68
427,Baishishan,CN,2022-03-12 01:12:37,43.5833,127.5667,34.92,32,100,2.93
428,Itaobim,BR,2022-03-12 01:12:38,-16.5667,-41.8333,71.26,80,0,2.01
429,Ladushkin,RU,2022-03-12 01:12:38,54.5703,20.171,26.76,51,23,7.54
430,Acarau,BR,2022-03-12 01:12:38,-2.8856,-40.12,76.37,88,100,5.06
431,Peruibe,BR,2022-03-12 01:12:39,-24.32,-46.9983,75.36,93,100,2.35
432,Chuy,UY,2022-03-12 01:08:33,-33.6971,-53.4616,59.83,73,0,8.14
433,Labuhan,ID,2022-03-12 01:12:40,-6.8844,112.2051,81.43,79,100,1.61
434,Altay,CN,2022-03-12 01:12:40,47.8667,88.1167,27.82,74,100,2.93
435,Ribeira Brava,PT,2022-03-12 01:12:41,32.65,-17.0667,62.71,74,54,1.99
436,Mapiripan,CO,2022-03-12 01:12:41,2.8892,-72.1256,80.26,70,90,4.76
437,Dong Xoai,VN,2022-03-12 01:12:42,11.5333,106.9167,81.64,60,89,1.28
438,Arlit,NE,2022-03-12 01:12:42,18.7369,7.3853,70.9,17,0,7.83
439,Guerrero Negro,MX,2022-03-12 01:12:43,27.9769,-114.0611,70.18,22,10,14.67
440,Fairbanks,US,2022-03-12 01:09:40,64.8378,-147.7164,25.09,32,0,9.22
441,Buchanan,LR,2022-03-12 01:12:43,5.8808,-10.0467,79.36,90,100,5.48
442,Rorvik,NO,2022-03-12 01:12:44,64.8621,11.2373,38.75,77,0,10.94
443,Xihe,CN,2022-03-12 01:12:44,31.6864,113.4659,65.73,71,100,6.53
444,Opichen,MX,2022-03-12 01:12:45,20.55,-89.85,84.16,44,0,2.26
445,Pemberton,CA,2022-03-12 01:12:45,50.3164,-122.8027,43.12,94,100,6.31
446,At-Bashi,KG,2022-03-12 01:12:46,41.1702,75.8106,34.32,85,100,2.64
447,Reserva,BR,2022-03-12 01:12:46,-24.6503,-50.8506,64.6,99,100,1.83
448,Barcelos,PT,2022-03-12 01:08:03,41.5388,-8.6151,48.34,87,100,5.06
449,Khorramshahr,IR,2022-03-12 01:13:47,30.4397,48.1664,62.55,24,100,9.35
450,Bambanglipuro,ID,2022-03-12 01:13:47,-7.95,110.2833,78.01,86,100,3.65
451,Livingston,GB,2022-03-12 01:10:33,55.9029,-3.5226,48.47,84,40,9.22
452,Nioro,GM,2022-03-12 01:13:48,13.35,-15.75,83.23,10,0,7.65
453,Normandin,CA,2022-03-12 01:13:49,48.8333,-72.5321,4.55,99,84,0.2
454,Palma Di Montechiaro,IT,2022-03-12 01:13:49,37.1926,13.765,47.32,84,82,9.62
455,Leshukonskoye,RU,2022-03-12 01:13:49,64.8989,45.7622,26.62,97,100,5.19
456,Plymouth,US,2022-03-12 01:13:50,41.8334,-70.8328,41.07,90,0,4.61
457,Ikongo,MG,2022-03-12 01:13:50,-21.8833,47.4333,71.01,99,100,0.87
458,Sieradz,PL,2022-03-12 01:13:51,51.5958,18.7302,25.5,68,3,9.46
459,Ilhabela,BR,2022-03-12 01:09:52,-23.7781,-45.3581,79.2,82,98,5.06
460,Mildura,AU,2022-03-12 01:09:41,-34.2,142.15,78.08,33,10,8.05
461,Poum,NC,2022-03-12 01:13:51,-20.2333,164.0167,81.82,73,2,0.94
462,Harper,LR,2022-03-12 01:13:52,4.375,-7.7169,79.54,88,79,7.47
463,Mbini,GQ,2022-03-12 01:13:52,1.574,9.6134,79.3,85,100,7.09
464,Miraflores,MX,2022-03-12 01:13:53,19.2167,-98.8083,74.05,33,97,4.79
465,Alamosa,US,2022-03-12 01:13:53,37.4695,-105.87,28.38,43,0,6.91
466,Bethanien,NA,2022-03-12 01:13:54,-26.502,17.1583,73.92,64,25,3.6
467,Derzhavinsk,KZ,2022-03-12 01:13:54,51.1,66.3167,10.18,94,100,17.87
468,Houma,US,2022-03-12 01:10:03,29.5958,-90.7195,70.0,91,75,4.61
469,Torbat-E Jam,IR,2022-03-12 01:13:55,35.244,60.6225,68.7,34,0,10.92
470,Tahe,CN,2022-03-12 01:13:55,52.3333,124.7333,15.51,68,100,3.33
471,Nauta,PE,2022-03-12 01:13:55,-4.5061,-73.5757,73.67,97,99,0.94
472,Vuktyl,RU,2022-03-12 01:13:56,63.8567,57.3094,11.25,93,100,12.8
473,Samana,DO,2022-03-12 01:13:56,19.2056,-69.3369,75.2,81,5,9.73
474,Grao Mogol,BR,2022-03-12 01:13:57,-16.5594,-42.8897,65.66,87,1,2.59
475,Allonnes,FR,2022-03-12 01:13:57,47.9674,0.1581,46.44,87,75,10.36
476,Gorontalo,ID,2022-03-12 01:11:38,0.5412,123.0595,87.55,68,32,0.69
477,Pemangkat,ID,2022-03-12 01:13:58,1.1667,108.9667,80.92,73,88,1.19
478,Sao Sebastiao,BR,2022-03-12 01:13:16,-23.76,-45.4097,78.96,81,98,5.1
479,Porto Santo,PT,2022-03-12 01:13:58,33.072,-16.3415,59.38,77,20,6.91
480,Lazaro Cardenas,MX,2022-03-12 01:10:18,17.9583,-102.2,75.42,69,100,9.48
481,Nome,US,2022-03-12 01:13:59,64.5011,-165.4064,30.27,37,0,21.85
482,Iquitos,PE,2022-03-12 01:13:59,-3.7481,-73.2472,77.04,100,40,2.3
483,Marabba,SD,2022-03-12 01:14:00,12.35,32.1833,76.93,18,11,16.02
484,Bonavista,CA,2022-03-12 01:14:00,48.6499,-53.1147,28.27,64,100,21.61
485,Bilibino,RU,2022-03-12 01:14:01,68.0546,166.4372,18.54,54,0,1.23
486,Angoram,PG,2022-03-12 01:14:01,-4.0625,144.0661,89.19,58,96,0.43
487,Umm Kaddadah,SD,2022-03-12 01:14:02,13.6017,26.6876,67.35,18,100,16.22
488,Pabellon De Hidalgo,MX,2022-03-12 01:14:02,22.1667,-102.35,69.96,12,0,12.71
489,Camden,US,2022-03-12 01:14:03,39.7835,-74.9663,49.59,77,44,5.01
490,Progreso,MX,2022-03-12 01:14:03,21.2833,-89.6667,84.31,78,0,8.61
491,Wick,GB,2022-03-12 01:14:04,58.4333,-3.0833,44.65,93,100,26.46
492,Jumla,NP,2022-03-12 01:14:04,29.2747,82.1838,35.82,53,0,6.4
493,Warrington,GB,2022-03-12 01:14:04,53.3925,-2.5802,49.44,88,40,12.66
494,Maniitsoq,GL,2022-03-12 01:14:05,65.4167,-52.9,-7.82,94,100,6.87
495,Keflavik,IS,2022-03-12 01:14:05,64.0049,-22.5624,36.03,80,40,17.27
496,Urengoy,RU,2022-03-12 01:15:06,65.9667,78.3667,-19.44,100,100,7.81
497,Najran,SA,2022-03-12 01:15:06,17.4924,44.1277,68.92,61,19,6.62
498,Saint-Joseph,RE,2022-03-12 01:15:07,-21.3667,55.6167,73.78,81,24,10.42
499,Capuluan,PH,2022-03-12 01:15:08,13.8147,122.5181,82.9,74,50,4.43
500,Asau,RO,2022-03-12 01:15:08,46.4333,26.4,22.28,89,100,5.97
501,Maun,BW,2022-03-12 01:15:08,-19.9833,23.4167,72.0,43,21,12.37
502,Paamiut,GL,2022-03-12 01:15:09,61.994,-49.6678,7.2,88,100,23.0
503,Asosa,ET,2022-03-12 01:15:09,10.0667,34.5333,71.17,34,96,2.93
504,Gobabis,NA,2022-03-12 01:15:10,-22.45,18.9667,68.59,45,9,5.84
505,Unity,CA,2022-03-12 01:15:10,52.4501,-109.1682,3.25,85,100,13.69
506,Palitana,IN,2022-03-12 01:15:11,21.5167,71.8333,76.01,32,0,6.22
507,Belturbet,IE,2022-03-12 01:15:11,54.1,-7.45,40.68,98,100,3.15
508,Nantucket,US,2022-03-12 01:15:11,41.2835,-70.0995,42.85,92,0,6.91
509,Hasaki,JP,2022-03-12 01:15:12,35.7333,140.8333,63.28,61,0,14.56
510,Baoding,CN,2022-03-12 01:15:12,38.8511,115.4903,42.82,66,100,5.32
511,Grajau,BR,2022-03-12 01:15:13,-5.8194,-46.1386,72.63,97,100,2.64
512,Itamaraju,BR,2022-03-12 01:15:13,-17.0392,-39.5311,71.58,96,6,1.5
513,Santa Maria,BR,2022-03-12 01:15:14,-29.6842,-53.8069,63.18,96,64,6.35
514,Tarata,BO,2022-03-12 01:15:14,-17.6167,-66.0167,56.62,85,100,6.42
515,Los Llanos De Aridane,ES,2022-03-12 01:15:14,28.6585,-17.9182,58.75,83,0,8.01
516,Beira,MZ,2022-03-12 01:15:15,-19.8436,34.8389,82.49,74,75,14.97
517,Katsuura,JP,2022-03-12 01:15:15,35.1333,140.3,59.0,45,0,5.7
518,Aswan,EG,2022-03-12 01:15:16,24.0934,32.907,55.33,37,58,13.15
519,Ostrovnoy,RU,2022-03-12 01:15:16,68.0531,39.5131,26.58,87,77,13.33
520,Severodvinsk,RU,2022-03-12 01:15:16,64.5635,39.8302,28.51,98,89,5.57
521,Banda Aceh,ID,2022-03-12 01:12:01,5.5577,95.3222,79.38,79,30,6.64
522,Vestmannaeyjar,IS,2022-03-12 01:15:17,63.4427,-20.2734,40.87,62,100,16.26
523,Cubuk,TR,2022-03-12 01:15:18,40.2386,33.0322,18.77,73,20,2.3
524,Fayaoue,NC,2022-03-12 01:15:18,-20.65,166.5333,82.04,76,23,10.51
525,Oum Hadjer,TD,2022-03-12 01:15:18,13.2954,19.6966,77.52,19,5,11.12
526,Hirado,JP,2022-03-12 01:15:19,33.3597,129.5531,60.12,80,21,8.41
527,Liuli,TZ,2022-03-12 01:15:19,-11.0833,34.6333,74.28,81,100,6.02
528,Nuuk,GL,2022-03-12 01:13:56,64.1835,-51.7216,7.41,78,100,13.8
529,Poltavka,RU,2022-03-12 01:15:20,54.3663,71.7632,-0.85,91,100,10.98
530,Hailar,CN,2022-03-12 01:15:20,49.2,119.7,20.77,75,100,13.73
531,Reconquista,AR,2022-03-12 01:15:21,-29.15,-59.65,62.76,77,0,6.64
532,Ilo,PE,2022-03-12 01:15:21,-17.6394,-71.3375,71.28,89,52,6.71
533,Tarakan,ID,2022-03-12 01:15:22,3.3,117.6333,78.3,89,75,3.44
534,Vestmanna,FO,2022-03-12 01:15:22,62.1564,-7.1664,43.72,87,100,29.93
535,Ngunguru,NZ,2022-03-12 01:15:22,-35.6167,174.5,70.97,58,27,9.1
536,Yambio,SS,2022-03-12 01:15:23,4.5721,28.3955,70.92,77,98,3.83
537,Waingapu,ID,2022-03-12 01:15:23,-9.6567,120.2641,83.53,78,100,7.9
538,Verkhoyansk,RU,2022-03-12 01:15:24,67.5447,133.385,-2.92,92,87,3.15
539,Shingu,JP,2022-03-12 01:15:24,33.7333,135.9833,65.46,53,7,4.16
540,Yantzaza,EC,2022-03-12 01:15:25,-3.8278,-78.7594,68.4,99,100,1.28
541,Itacarambi,BR,2022-03-12 01:15:25,-15.1022,-44.0919,75.99,69,96,1.05
542,Shimoda,JP,2022-03-12 01:16:25,34.6667,138.95,64.11,50,0,6.93
543,Gaziantep,TR,2022-03-12 01:16:26,37.0594,37.3825,26.53,86,0,1.14
544,Jiuquan,CN,2022-03-12 01:16:26,39.7432,98.5174,46.51,24,95,5.1
545,Minab,IR,2022-03-12 01:16:27,27.1467,57.0801,66.52,77,73,0.0
546,Gambo,CF,2022-03-12 01:16:27,4.6482,22.2633,67.84,97,100,0.89
547,Nouakchott,MR,2022-03-12 01:16:28,18.0858,-15.9785,71.53,23,0,12.62
548,Carlsbad,US,2022-03-12 01:14:00,33.1581,-117.3506,72.37,39,0,11.5
549,Chicama,PE,2022-03-12 01:16:28,-7.8447,-79.1469,66.74,71,57,5.37
550,Vista Hermosa,MX,2022-03-12 01:16:29,19.5167,-99.2167,74.59,10,0,10.36
551,Kant,IN,2022-03-12 01:16:29,27.8,79.8,60.49,45,0,6.38
